{"cameraMode":{"drawMode":0,"name":"Shaded","section":"Shading Mode"},"sceneLighting":false,"audioPlay":false,"sceneViewState":{"showFog":false,"showMaterialUpdate":false,"showSkybox":false,"showFlares":false,"showImageEffects":false,"showParticleSystems":true},"in2DMode":false,"pivot":{"x":4.986978530883789,"y":4.095136642456055,"z":1.3388161659240723},"rotation":{"x":-0.055338021367788318,"y":-0.2576408386230469,"z":0.014782615937292576,"w":-0.9645415544509888},"size":21.420896530151368,"orthographic":false}